<?xml version="1.0" encoding="UTF-8"?>
<project-private xmlns="http://www.netbeans.org/ns/project-private/1">
    <editor-bookmarks xmlns="http://www.netbeans.org/ns/editor-bookmarks/2" lastBookmarkId="0"/>
    <open-files xmlns="http://www.netbeans.org/ns/projectui-open-files/2">
        <group>
            <file>file:/C:/Users/USER/Documents/NetBeansProjects/JavaApplication5/src/base/FrameLogin1.java</file>
            <file>file:/C:/Users/USER/Documents/NetBeansProjects/JavaApplication5/src/base/DemoCustomer.java</file>
            <file>file:/C:/Users/USER/Documents/NetBeansProjects/JavaApplication5/src/base/RegisterForm.java</file>
            <file>file:/C:/Users/USER/Documents/NetBeansProjects/JavaApplication5/src/base/db_dataConnection.java</file>
            <file>file:/C:/Users/USER/Documents/NetBeansProjects/JavaApplication5/src/base/CatatanOmzet.java</file>
        </group>
    </open-files>
</project-private>
